{
    "loss": 0.07348167896270752,
    "accuracy": 0.09059999883174896
}